author_id,tweet_count,sentiment
"""""athID_1375903974356889600""",11064.0,0.1904473034387245
"""""athID_986919143894118400""",13278.0,0.28239309511898214
"""""athID_74856982""",15271.0,-0.15143439272286077
"""""athID_360105746""",26528.0,0.40350610168597617
"""""athID_733316945483816962""",495.0,-1.1410024025826326
"""""athID_166580937""",10.0,-0.7069231378017863
"""""athID_3208422993""",20729.130434782608,0.3822302091774864
"""""athID_2992954653""",45377.0,-0.9119376397132087
"""""athID_587829988""",15.0,-0.7069231378017863
"""""athID_387571896""",23474.0,-0.31843665539323773
"""""athID_3364559505""",25.0,-1.4352163552433204
"""""athID_3870333477""",5455.0,0.2606857955852922
"""""athID_1327073174257856512""",1368.0,0.596702502176462
"""""athID_1478101105410293762""",30503.0,0.5115863681087135
"""""athID_51554349""",4678.0,-1.1811049580569697
"""""athID_1203415797768605697""",1378.0,-2.303177212154
"""""athID_1480629702071103497""",6672.0,-0.5191761421738568
"""""athID_3254070131""",5724.0,2.6014845716303534
"""""athID_360917489""",121678.0,0.19627105473851994
"""""athID_270920070""",36800.0,1.3432250631520737
"""""athID_2881042342""",63374.0,0.5144589845412876
"""""athID_2515151054""",27812.0,0.18844306650364365
"""""athID_1485670968731344905""",1548.6666666666667,-0.8627464484867867
"""""athID_1580688902""",1336.0,0.6310380377740211
"""""athID_1007618375516815360""",182125.1851851852,0.0630130402559064
"""""athID_106391850""",27918.0,0.7854568681401889
"""""athID_4440652821""",7025.0,0.5755078324837465
"""""athID_80389221""",7042.0,-0.04761605867318076
"""""athID_1196083186708733952""",5308.0,-1.8437346286423035
"""""athID_965197913545723904""",3153.3333333333335,-0.5584644489489686
"""""athID_1366751672572215301""",1355.0,-0.5990662071506441
"""""athID_391744894""",11050.0,-0.7564836960372877
"""""athID_1258050319356919810""",5715.0,0.02983866069215943
"""""athID_937346311212412928""",25399.0,-1.7724938136617912
"""""athID_231691698""",4953.0,-2.1978936621322895
"""""athID_431172304""",20165.0,0.09196240277630788
"""""athID_1726660058""",2418.0,0.35786118580754916
"""""athID_616524318""",812.0,-0.7574896047190491
"""""athID_633188550""",4961.0,-1.8022626184166695
"""""athID_894658298""",3876.0,-2.2258118290028865
"""""athID_1916852749""",5598.0,0.5963905630577111
"""""athID_295055133""",7.0,-0.7069231378017863
"""""athID_795363507978043396""",1716.0,0.4114498679236065
"""""athID_1005830038023913472""",18393.0,-0.11668935521433309
"""""athID_4716950614""",9324.5,-1.190197939302529
"""""athID_1397542849122553859""",10566.916666666666,0.43485732580532865
"""""athID_123516348""",22443.0,-2.5260382765116853
"""""athID_1198582081263218688""",26088.727272727272,-0.43927479739299624
"""""athID_28354671""",185234.0,0.2182089833612666
"""""athID_704622741639536641""",16041.0,-0.17778024536073217
"""""athID_464238994""",58580.0,2.035355982321439
"""""athID_78250896""",2086.25,0.9086010786370632
"""""athID_37053385""",12878.0,0.2982577501043969
"""""athID_4602309493""",273.0,-2.777525087098778
"""""athID_113460339""",110570.0,-2.04298585520193
"""""athID_1497913593223946242""",14.0,1.7047961706492871
"""""athID_1269318989706076162""",33451.0,-0.21987299252524747
"""""athID_1170924428856909824""",4464.0,0.8944155980896988
"""""athID_1425143791015583746""",3465.0,0.6556791932191401
"""""athID_1486426508327587843""",91.0,-1.2014713476537617
"""""athID_1307624155026784256""",4686.0,0.14148017476498495
"""""athID_60676011""",9801.714285714286,-0.8502008799346726
"""""athID_222024531""",23313.0,1.6791324305571702
"""""athID_2409650383""",34694.0,0.2258819738396584
"""""athID_2190767420""",5921.0,0.6044208811046812
"""""athID_1497060282065207296""",1218.0,-0.8492038256120049
"""""athID_608247383""",7313.0,1.0274152782369963
"""""athID_216580924""",29325.0,1.059986367733193
"""""athID_1392981037102342146""",2200.0,-0.0007071635089482446
"""""athID_2232214076""",3526.0,-0.37602197445265856
"""""athID_1013912163054968834""",4375.0,1.0076790639738924
"""""athID_19004783""",18526.0,-0.47555953159867204
"""""athID_999951970868912128""",46994.4,0.9768098762287022
"""""athID_955139955898101761""",126298.625,0.34440275253310015
"""""athID_1850961098""",7000.0,-0.42779482703511573
"""""athID_50895997""",45435.0,-0.340186570012774
"""""athID_1367265864""",47505.0,0.19754771036878457
"""""athID_606649714""",1725.0,1.6855205124966481
"""""athID_3213899080""",54209.0,0.5788507290665874
"""""athID_964753405""",21070.5,1.209454211245275
"""""athID_20768217""",167.0,-0.23673619437173865
"""""athID_2540910636""",91384.0,-0.32282266142692423
"""""athID_1127371388271120388""",2714.0,-0.7288029701069254
"""""athID_442787706""",168511.0,-1.4685249212288556
"""""athID_930124383204626433""",1464.0,-0.1283926122187678
"""""athID_16285200""",122294.0,0.274009043713467
"""""athID_481932017""",39349.833333333336,-0.11175446242371458
"""""athID_1365645832331141121""",1603.0,-1.244938291936812
"""""athID_2175971759""",21470.0,0.8506075124389758
"""""athID_407699566""",85345.0,0.36538449297583026
"""""athID_1481047885504741376""",727.0,0.06386575044953041
"""""athID_967852631761842179""",12582.0,0.6873103247061257
"""""athID_44794574""",30696.0,1.1122839056291793
"""""athID_1096865350438797316""",980.0,-1.2983768622240557
"""""athID_924842508""",54946.0,1.3653710066627314
"""""athID_2565856229""",1003.0,-1.2672544451494678
"""""athID_241630494""",2362.0,-0.6174514430459218
"""""athID_1142859910016851968""",7194.0,1.0187598811834422
"""""athID_939583254""",868.0,0.03238162741893267
"""""athID_1357682898""",1440.0,0.12457235374335915
"""""athID_945651061""",10007.0,-0.11123355665247524
"""""athID_3000452181""",23985.0,0.4725067405350018
"""""athID_990211723331276800""",3070.0,-1.5588732029059582
"""""athID_30232515""",101179.0,0.9209523977511591
"""""athID_1248262500514217988""",4729.0,-0.4115768351018043
"""""athID_1332787622607867904""",6370.0,0.4586662879586366
"""""athID_1364401086""",28844.31818181818,-0.27496939637471873
"""""athID_407674704""",55770.0,-0.5260389169917051
"""""athID_1081867678262927360""",3403.0,1.0476495237386325
"""""athID_187505085""",97.0,-0.7069231378017863
"""""athID_1415674474108571660""",18.0,-0.7069231378017863
"""""athID_3349158753""",4418.0,-0.2546591431767761
"""""athID_1382131742002270209""",11059.0,-1.4378288741847605
"""""athID_362004197""",10955.0,-1.1602669783407369
"""""athID_1494928369565241346""",223.0,0.9798177759446822
"""""athID_1209573939166486535""",2038.0,0.07343712522759561
"""""athID_781514500998590464""",2029.0,-0.940636792066342
"""""athID_1299206320172740608""",29434.0,0.3375005353361014
"""""athID_988845411359215621""",28322.0,1.1851741171867263
"""""athID_839836630265524225""",3987.0,0.5222854047180403
"""""athID_1121481550980419584""",4388.833333333333,0.1808464768520179
"""""athID_1131181125131538438""",1416.0,-0.08319197141551048
"""""athID_1218419161""",26715.0,-0.09254989848488225
"""""athID_1421604804""",1581.0,-1.35791127457076
"""""athID_2052911""",88324.0,-0.15271973062804875
"""""athID_2700800345""",159.0,-2.358939001616542
"""""athID_814186766336921600""",72097.0,0.2580740950644296
"""""athID_88934734""",11711.0,-0.098491854990194
"""""athID_1215900859""",20021.0,-0.07038868668303182
"""""athID_3209404361""",24760.0,-0.6511036241731556
"""""athID_1457834303782543365""",3197.0,-1.54876156751771
"""""athID_1239974595328790531""",147.0,1.254208639913449
"""""athID_1067044230693089281""",12189.0,0.34748554923665864
"""""athID_2714251069""",12759.0,-0.9631545279114857
"""""athID_1308452455357837315""",5732.0,-0.09343803539797528
"""""athID_2595398370""",1984.7142857142858,0.5159414124604139
"""""athID_1365450188752646149""",467.0,-0.273592391275263
"""""athID_1039096092116312064""",12342.0,-0.5166956530027325
"""""athID_462990477""",101344.0,0.750547308133366
"""""athID_343442484""",90392.0,0.06626437355858564
"""""athID_1268619453178224642""",5895.0,-0.42514665154554654
"""""athID_893112909835980800""",2612.0,0.0685059272064467
"""""athID_356300776""",13351.0,0.01986139022681641
"""""athID_2563659347""",16491.0,0.02042802057242306
"""""athID_3291919985""",8489.0,-0.7069231378017863
"""""athID_382030450""",245.0,-0.3576548911730869
"""""athID_468241996""",65.0,-0.7069231378017863
"""""athID_110460168""",142553.24778761063,0.2667583797385621
"""""athID_1107962515831566343""",2283.5,-2.1978936621322895
"""""athID_90934421""",17149.0,-0.11841797306404704
"""""athID_1110178023020683264""",3853.0,0.37511114925359845
"""""athID_367383449""",23609.0,0.5139645003237816
"""""athID_153748767""",22941.0,0.1939503935166947
"""""athID_109508751""",462.75,0.09335786661620007
"""""athID_3357622125""",1423.0,-0.8051443179290783
"""""athID_14772560""",16897.0,-0.40648076796748794
"""""athID_923246793827213314""",11822.0,-0.7034838917356079
"""""athID_2266700116""",5640.0,0.1099105287120589
"""""athID_247230560""",17349.0,0.6748563307796193
"""""athID_358282311""",17397.0,-0.5573859429765792
"""""athID_1571524063""",13403.0,0.3569036475794652
"""""athID_1390557107875991553""",37.0,-0.7676044920963546
"""""athID_1668477240""",2469.0,0.30211655163696327
"""""athID_1484675595468427267""",18756.0,-0.2932964955484647
"""""athID_117119069""",22428.0,0.32394864658817196
"""""athID_1404475042524798982""",2012.0,-0.12650606584658775
"""""athID_841916215""",25212.0,-0.4596595781605658
"""""athID_1455906032052494338""",4568.0,-0.20006956775340864
"""""athID_35176711""",354.0,-0.7948249199740794
"""""athID_20062512""",20217.0,0.258759874202959
"""""athID_485690649""",396.0,0.8761394623256579
"""""athID_2604089987""",6212.0,-1.3326006692646062
"""""athID_49593125""",6014.0,0.023953515664491335
"""""athID_1432057107604443139""",542.0,-0.2839370473593469
"""""athID_1153741080296337409""",3861.0,1.3736496405789906
"""""athID_1360735673146355714""",12015.0,-0.9730784867368515
"""""athID_786221916751179776""",3261.0,0.10051965653487792
"""""athID_572775778""",92207.0,-0.6111546139878075
"""""athID_928762651727024128""",1045.0,-0.5172846332229678
"""""athID_1023277906007609345""",3636.0,0.37689217702537037
"""""athID_334777310""",20901.0,-0.2232846859891656
"""""athID_1221582259448373248""",1570.0,0.7019017222922088
"""""athID_3382371268""",411.0,-1.2533531364573303
"""""athID_1053380096441180160""",8443.0,0.3757140681674136
"""""athID_175394243""",25302.0,-0.5163514615900616
"""""athID_1212069834046894080""",13303.0,-1.5687554858720307
"""""athID_43175535""",218427.0,-0.34728386017892104
"""""athID_949009207508000768""",1793.0,-1.8459554226741346
"""""athID_101260386""",2030.0,1.995572558008298
"""""athID_1309546973159206915""",47.0,-1.4405711942893031
"""""athID_1496894994917085189""",3906.0,-1.4633973373800195
"""""athID_789773474114011137""",5250.0,0.41670692267666304
"""""athID_113442389""",8446.0,-0.7496676754919306
"""""athID_20701834""",424.0,0.793910225293475
"""""athID_991560132285882368""",195.0,-2.07843302211385
"""""athID_19193407""",172369.0,0.108314723921169
"""""athID_307285604""",1285.0,-1.6748720950960079
"""""athID_856225336601825280""",13974.0,0.39100986239442825
"""""athID_22300287""",39328.0,0.9565465861075417
"""""athID_629186684""",11182.57142857143,0.48836512642182567
"""""athID_3426489605""",1249.0,0.39252158217309696
"""""athID_1407074750611050498""",1882.0,0.31107906990853423
"""""athID_1014114409""",21161.0,-1.2876506687424256
"""""athID_4916109383""",3326.0,-1.36114273936675
"""""athID_595085654""",251768.0,-0.8758139786936281
"""""athID_190194684""",2049.0,-0.7069231378017863
"""""athID_614939122""",280009.0,0.13704461505558638
"""""athID_872527375128551425""",54027.5,0.8944035497961546
"""""athID_788786968289239040""",13283.333333333334,-1.690738043644024
"""""athID_150760799""",15791.0,-1.9535468670582983
"""""athID_1552867297""",26383.0,1.1072088885271458
"""""athID_1048132923076104192""",13277.0,-0.13277720579099747
"""""athID_31394536""",2784.0,-0.012304010396957556
"""""athID_92636104""",33789.0,0.6591984220489168
"""""athID_733673565015449600""",46272.5,-0.1420638279265845
"""""athID_959095910""",139415.0,0.2515418739193274
"""""athID_16141632""",29209.0,-2.06714342455002
"""""athID_21364016""",5309.0,-0.2516694379635644
"""""athID_46694783""",8016.0,0.36285840727578617
"""""athID_2914582163""",574.0,-0.4904225586878209
"""""athID_527787627""",866.0,-0.8501773705639477
"""""athID_2413043364""",4912.0,-0.8681682159200949
"""""athID_983236405""",3868.0,0.3036392745062452
"""""athID_1157948771931758598""",4437.0,2.326882047205391
"""""athID_955080134377295872""",2483.0,-1.625444003212358
"""""athID_2880084795""",88335.76,0.4831947862798572
"""""athID_1328112461082468353""",5233.0,0.24218158552544083
"""""athID_58423038""",7823.0,-0.14190577326731976
"""""athID_338108174""",32403.0,0.12443232856068917
"""""athID_361327685""",243157.0,-0.20888392746447665
"""""athID_1479594770762711046""",373.0,-0.9008858497442217
"""""athID_242695991""",21597.0,3.9523803926682133
"""""athID_1124613222""",64031.51724137931,0.7996906203741226
"""""athID_357692406""",3043.0,-0.3619997047058439
"""""athID_975410162872791042""",5494.0,0.35499860575038555
"""""athID_2966327285""",33345.0,0.03918733517068978
"""""athID_550416702""",14766.0,0.27790138666547515
"""""athID_553682596""",26152.9375,-0.2346041080039153
"""""athID_105875023""",84966.0,0.1468636793951432
"""""athID_200945788""",8439.0,-0.9068587011947046
"""""athID_877548244536102913""",45014.0,0.14103049216450234
"""""athID_904456243456114689""",6808.0,-0.622073031095074
"""""athID_1011236162617446400""",2055.0,-0.5537086642070824
"""""athID_2414891281""",4527.0,0.10887467463485671
"""""athID_342744080""",333171.0,-0.21063533728210304
"""""athID_831234618569453569""",342.0,0.4176900128343555
"""""athID_1569238484""",9287.0,-0.6825366381929824
"""""athID_2706223694""",4393.0,-0.854763790812116
"""""athID_1176237115""",7796.0,1.5145754763591726
"""""athID_851919526467907585""",20416.0,-0.41480584254877556
"""""athID_2244089243""",4133.0,-0.4472149039971977
"""""athID_19461269""",29804.0,-1.7508802783516362
"""""athID_2263991529""",9369.0,-0.13757897142241338
"""""athID_3027915627""",70.0,-0.7069231378017863
"""""athID_981569192594898945""",52396.0,0.5658371956308628
"""""athID_2987447723""",282.0,-0.8608179992717797
"""""athID_613248505""",6026.0,-0.6924871005028926
"""""athID_316465327""",7352.0,0.6097923681841638
"""""athID_824901917801189376""",47349.0,-0.049835637810468944
"""""athID_354234019""",78299.0,0.23084121952264167
"""""athID_1422912160603197444""",4792.0,-0.39933956259699227
"""""athID_833696720471068672""",34436.555555555555,0.22665051688909152
"""""athID_20437162""",71415.0,0.20201732677590398
"""""athID_728442762""",26693.0,1.5048893227967417
"""""athID_2194319685""",1391.0,-0.1598216081348515
"""""athID_1012748208211152896""",4351.0,-2.06714342455002
"""""athID_871407248""",1064.0,2.139434830618191
"""""athID_1052690713379594242""",14383.0,-0.6059287865609497
"""""athID_44165307""",14360.0,0.6559054996579461
"""""athID_287281935""",6367.0,-0.025060180503537786
"""""athID_939953080950513664""",52195.26666666667,0.5890845140820435
"""""athID_1377704858""",219489.0,1.0067319989379677
"""""athID_302549030""",56405.11111111111,0.7422656757787214
"""""athID_2256714034""",77244.0,-1.2387664003534384
"""""athID_3253844956""",15336.0,1.0308176681727779
"""""athID_3379132642""",3459.0,-1.7173159736579962
"""""athID_996082716717219842""",11046.0,0.23310933939676526
"""""athID_471274348""",19159.0,1.638414769400401
"""""athID_733671908386955266""",3393.0,0.22146038333772267
"""""athID_862637165536268288""",3528.0,0.29856289841872863
"""""athID_848808259""",6921.0,-0.7948277190125701
"""""athID_1124876846""",35389.0,-0.32734160404097135
"""""athID_1037947821842948096""",32623.0,-0.7612540393759579
"""""athID_520426845""",5511.0,1.7697456758330972
"""""athID_82913893""",45560.0,0.8287449017692001
"""""athID_114745588""",36550.0,0.40411468442939497
"""""athID_1430122613859405825""",2688.1,-0.5475459253316077
"""""athID_1361908095866327041""",1166.0,0.4886746141070309
"""""athID_1089807569118523392""",36341.0,0.37783254895567914
"""""athID_440419466""",15889.0,0.4500267305408763
"""""athID_236865417""",3320.0,-0.5681995673858047
"""""athID_1301781606571618305""",6339.0,0.31480294093867517
"""""athID_19739772""",8600.0,-0.6705359905901069
"""""athID_2975739269""",3191.0,-2.456114670039824
"""""athID_2465190404""",10587.0,0.32830665237518347
"""""athID_1319977581911920642""",74557.0,0.14829334656112955
"""""athID_1012992007562723328""",1714.0,-0.1142264995164902
"""""athID_1441884666714210305""",6414.0,0.70533714274974
"""""athID_435089030""",202.0,1.2513010945026917
"""""athID_747555637517770752""",4067.3333333333335,-1.2091517301429298
"""""athID_2304350554""",45499.0,-0.16347994322166248
"""""athID_800344416""",12858.5,2.1864876565891977
"""""athID_1145661086651359232""",651.0,0.08776367280513335
"""""athID_1219546562680053761""",462.0,-0.8261728056895928
"""""athID_402857774""",5187.0,0.4937826236801036
"""""athID_368907026""",100368.0,2.1634622371992096
"""""athID_1479459200""",6008.0,-1.257790046404403
"""""athID_1428693180891947022""",15920.0,0.41989507967987005
"""""athID_1248530785231085571""",1856.0,0.07968812150321125
"""""athID_1245725723857424384""",865.0,0.019036593417003568
"""""athID_1488894438546026501""",1.0,-0.7069231378017863
"""""athID_1118967434""",10350.0,-0.0013014864189305076
"""""athID_760055461286711297""",4828.0,-0.467632639077642
"""""athID_953927539776524288""",30569.46153846154,-0.26544423242583803
"""""athID_709516663683751936""",148419.0,0.29762839796537827
"""""athID_20615276""",210142.0,0.39807441670176874
"""""athID_329533116""",3564.0,-0.877776659225438
"""""athID_2971957672""",16295.0,1.2010077053407002
"""""athID_1345359280459964417""",15930.0,0.17280748043357463
"""""athID_708589267812016128""",9613.0,2.058721464821004
"""""athID_1484150086171041794""",22366.5,-0.3852453882865017
"""""athID_21397664""",2420.0,0.0945245210677223
"""""athID_1087020564""",971.0,-0.28329553552375125
"""""athID_1084949386256437251""",3280.0,-2.448494744186223
"""""athID_22616323""",453.0,-0.6887484842151479
"""""athID_50351419""",2853.0,0.6493631872065359
"""""athID_935212137328373763""",8509.0,0.40005681256069764
"""""athID_1049747135623847937""",58598.0,0.7511752588979389
"""""athID_1191275257""",1753.0,0.7266865841588953
"""""athID_404465568""",4598.0,0.5469406203306533
"""""athID_19064185""",63955.0,-0.002530086918774845
"""""athID_70788317""",1419.0,-2.078932307740606
"""""athID_808662330""",30714.833333333332,-0.1513282087904092
"""""athID_163466981""",106223.0,1.3656557280869994
"""""athID_77792538""",1710.0,-0.13132712491591023
"""""athID_1422586593395740681""",623.0,-0.2410688179004177
"""""athID_2861242656""",649.0,1.005136137045662
"""""athID_915321489364205568""",37384.0,-0.41881136948994285
"""""athID_1474421321463439365""",7596.0,-1.2277490109435996
"""""athID_35902225""",418524.0,0.02226486373777542
"""""athID_228775579""",12519.0,-0.20842927737932562
"""""athID_582922075""",48666.0,-0.4982368242851839
"""""athID_465422675""",10257.0,0.4783515732710816
"""""athID_709768164""",3338.0,-0.6742403046403416
"""""athID_1653476928""",319.0,-1.9467210920735434
"""""athID_1152883112726208512""",10670.0,-0.13085587181061403
"""""athID_847027898854838276""",8739.0,-1.6211574483366389
"""""athID_814237346740703232""",4500.0,-0.4092107164266436
"""""athID_587509290""",29400.92,0.26540762491631625
"""""athID_1497114359444692996""",1633.0,1.8176209652929851
"""""athID_1548510456""",1712.0,-0.28225885358564
"""""athID_744567421575499776""",41341.0,-0.2682072454684191
"""""athID_1471105786835349504""",3.0,-0.7069231378017863
"""""athID_2882550703""",78.0,0.8557020469245049
"""""athID_2830034132""",11227.0,-1.4635753606842679
"""""athID_96961370""",1857.0,0.3089406908950814
"""""athID_3345175845""",2341.0,1.2389892438610908
"""""athID_890926695850668032""",10713.0,-0.9808987228282658
"""""athID_1473762821733294091""",2085.0,1.2079021623049526
"""""athID_863855192915234816""",4.0,-0.7069231378017863
"""""athID_3172027380""",1732.0,-0.12968220992463853
"""""athID_938900137""",7779.0,-0.4596595781605658
"""""athID_2767159351""",4420.0,0.29022556466745975
"""""athID_1305396594850910208""",8707.0,-0.019471193342328996
"""""athID_2762197307""",17380.333333333332,0.275262795468325
"""""athID_1199780680399491074""",17539.333333333332,0.4525903407800059
"""""athID_1252653383284129798""",58.0,-0.7069231378017863
"""""athID_1486675816557727744""",88.0,0.23991966146210325
"""""athID_30937603""",36758.0,-0.2758204556485751
"""""athID_293935260""",4187.0,0.3576858227673468
"""""athID_864935001166680064""",9617.5,0.9640883688797646
"""""athID_1496776763527118848""",2665.0,-1.5912176172373804
"""""athID_832097871893770240""",3531.0,0.3782371467356251
"""""athID_1151263100""",19899.0,0.4538855053238146
"""""athID_1367359873""",7504.0,-0.07857248272350059
"""""athID_459229098""",308084.0,0.5494801373052708
"""""athID_1111918158015881217""",4679.0,-1.1536188760273707
"""""athID_124308576""",18837.0,0.9500993725401619
"""""athID_913767145858899968""",7196.0,0.16829924170508287
"""""athID_303161959""",13789.0,-0.4238242099130285
"""""athID_1266532760044240902""",49576.0,1.7576921199719184
"""""athID_25372103""",39769.0,0.9216381500989289
"""""athID_1324468699030577152""",39.0,0.170147155762115
"""""athID_216766365""",375.0,-0.7069231378017863
"""""athID_1267407126""",84327.0,1.7616718781818264
"""""athID_1267124385393098752""",6408.0,0.027395989652063406
"""""athID_769170512576651264""",9865.0,-0.20653743155314386
"""""athID_19927045""",2815.0,-1.257790046404403
"""""athID_2274964703""",42474.0,-0.3732633671878431
"""""athID_1066663105""",22571.0,1.0886224795307025
"""""athID_494869973""",1214.0,0.13494415035559648
"""""athID_1422187175521685513""",1717.0,0.803046713637232
"""""athID_2309939060""",11267.0,1.3752558496853968
"""""athID_1024805879881838593""",1157.0,-1.276703509316139
"""""athID_18020612""",24770.5,0.22337727873997534
"""""athID_445487831""",69.0,-0.7069231378017863
"""""athID_197745967""",21014.0,0.5043422042368289
"""""athID_1331967362510319622""",9896.0,-0.3329777165937061
"""""athID_849200626349330432""",6575.0,2.1866793110667646
"""""athID_1335687628012793860""",8427.0,0.7341695415136851
"""""athID_282955659""",18019.0,0.4329006503723937
"""""athID_1108755656750833665""",3793.0,1.141905435531768
"""""athID_887669129058111488""",7531.0,-2.2463564805605887
"""""athID_1012109539""",1673.0,-0.0763286779936554
"""""athID_185809611""",15309.0,0.19484398087523386
"""""athID_1117337082320621568""",6224.0,0.19325353317044194
"""""athID_1246017552540676097""",15434.0,-1.235053112415211
"""""athID_14441508""",214556.33333333334,0.6412829947919815
"""""athID_818388064347324416""",23022.0,1.3498136323205294
"""""athID_94780153""",9673.0,0.27284190598371627
"""""athID_1066063006805696512""",19923.0,-0.7901008855744277
"""""athID_2185211303""",277.5,0.6526067643667174
"""""athID_1322343714698743808""",47063.0,0.16907450058235712
"""""athID_901577425506721794""",32264.0,0.24859124046130332
"""""athID_1377806598396125191""",211.0,-0.8640834598852969
"""""athID_33719244""",79346.0,-0.804733892467532
"""""athID_550307579""",7177.0,-0.43675927871072723
"""""athID_1375131730449956865""",48031.583333333336,0.30850037280826803
"""""athID_1102990589887434754""",16661.0,-1.3240912972918526
"""""athID_506108576""",15266.0,1.0116676081041942
"""""athID_517541619""",7751.833333333333,0.13399683756322653
"""""athID_131821261""",6802.0,0.5048762276681595
"""""athID_3632565147""",19409.0,0.10819277703393125
"""""athID_1400332201850507270""",38261.0,0.13152149541169741
"""""athID_139539095""",1008.0,-1.0244397685881972
"""""athID_279876439""",22680.0,0.5879135847911138
"""""athID_906944162""",10041.0,-0.577021198338809
"""""athID_1419286116369412096""",10345.0,-0.3403652318914055
"""""athID_1377148374609108997""",56.0,1.199056309701057
"""""athID_18650471""",124180.0,-0.33597094663160276
"""""athID_2540964315""",19590.0,0.21074684770910682
"""""athID_1249636212245135361""",12832.0,0.16574079940381162
"""""athID_15204822""",21320.0,-0.757181330387789
"""""athID_1086396123546353665""",8928.0,-1.6335962176906962
"""""athID_300338835""",4890.0,-3.4054897747777764
"""""athID_927681595""",6309.0,1.3177140959341316
"""""athID_123666573""",30130.0,-0.8836675946192248
"""""athID_1249625390018179072""",2298.0,0.7615411477922159
"""""athID_66949626""",1820.0,-0.6728896315816199
"""""athID_972043887656218626""",10617.0,0.9219769570787442
"""""athID_92522025""",22929.0,0.7812743494055643
"""""athID_1500073930303979520""",58.0,1.065360776029066
"""""athID_36638916""",87098.0,-1.487296705752314
"""""athID_1002276390241267712""",2292.0,0.34497459494867316
"""""athID_800277721""",2678.0,1.4370410805750016
"""""athID_21200697""",85003.58333333333,2.0053040231324486
"""""athID_88953269""",24891.0,2.4364874906576115
"""""athID_961977612322181120""",1920.0,1.6745893077987128
"""""athID_4114545208""",2116.0,0.18485557851114137
"""""athID_3826480168""",3674.3333333333335,0.43546207194126585
"""""athID_4846327630""",1274.0,1.1236759495854127
"""""athID_27847252""",10373.0,-0.1857954799959265
"""""athID_43563998""",19970.0,1.8047412078405003
"""""athID_372130636""",8477.95652173913,-0.5219893655168063
"""""athID_2186615856""",74691.0,-0.10189304790984703
"""""athID_26204103""",5076.0,-0.8111912322560206
"""""athID_602198110""",4276.0,-0.7069231378017863
"""""athID_3092205375""",13753.0,0.2223525678266723
"""""athID_806183475221057536""",44141.0,-0.8790418809678103
"""""athID_109491674""",94.0,-1.8790543884037445
"""""athID_225007170""",12264.0,-0.2530827780946044
"""""athID_50123208""",3642.0,-0.1240994884680678
"""""athID_885439926564786176""",6162.0,-0.4033218748733847
"""""athID_605145387""",58138.0,0.615314338653976
"""""athID_2373004109""",44905.0,0.6142436832691143
"""""athID_47616684""",815.0,1.7564941557158598
"""""athID_810158235411828736""",628.0,-0.7069231378017863
"""""athID_1387807838559477764""",889.0,-0.7069231378017863
"""""athID_1359169411416997894""",1073.0,0.48233814082694276
"""""athID_2370907926""",39559.0,1.4010728651204378
"""""athID_1232734799875444738""",14387.0,-0.9587562335315234
"""""athID_2619123060""",3791.0,-0.9687813481726248
"""""athID_2163265987""",18885.944444444445,-0.017432936794919394
"""""athID_69303966""",1648.0,1.2373055521382428
"""""athID_1576932698""",8977.0,0.9476969681803902
"""""athID_168796358""",45514.0,0.47241614234079804
"""""athID_253205363""",1760.0,1.1575959213398663
"""""athID_542770233""",5703.0,2.301740417224979
"""""athID_1237081091791622151""",1962.0,-1.2798481791234941
"""""athID_106369380""",10295.0,2.0941708874538585
"""""athID_439530135""",13110.0,1.4179513487493909
"""""athID_543450526""",19545.0,0.39442518785816316
"""""athID_604529947""",6023.0,-1.9167941582758354
"""""athID_1310547394539458560""",3389.0,-0.9127628322175335
"""""athID_303163315""",12347.441860465116,-0.25159689180539235
"""""athID_1489715811057086465""",19120.875,-0.3238748299650272
"""""athID_995399911578456065""",8648.23076923077,0.6739642260822872
"""""athID_1149800821456035840""",2710.0,-0.4268322683036296
"""""athID_2152684651""",15337.491803278688,-0.4900237640727049
"""""athID_17794395""",19127.0,-2.547000660188548
"""""athID_3270761029""",52660.0,-0.18961561386195983
"""""athID_802232899626037249""",10602.21875,-0.14240806068206974
"""""athID_1343248952620146688""",1427.0,0.4183267367494622
"""""athID_1331545638""",3464.0,-0.01182942695093246
"""""athID_162945129""",718.0,0.5963905630577111
"""""athID_2765229838""",32311.0,-0.34502790253951
"""""athID_182235313""",773.0,1.3728878915936584
"""""athID_1260628192185987072""",6309.0,-0.9730784867368515
"""""athID_1484102763277692935""",1340.0,1.2233098646150062
"""""athID_1216823658""",11984.0,0.025088625520128683
"""""athID_315863846""",23444.0,0.8096494119330666
"""""athID_201204167""",109083.34210526316,0.16429079081115291
"""""athID_19586727""",26859.0,-0.0703910188893802
"""""athID_122796035""",5743.5641025641025,0.1667503374085285
"""""athID_231884424""",4706.0,-1.209180178909078
"""""athID_944632365086846977""",47.0,-0.5660269949307807
"""""athID_1396105964084895752""",477.0,-0.2096111852520134
"""""athID_287179281""",6341.0,0.8814806547620203
"""""athID_1204428619709386754""",17349.0,0.28295189120132236
"""""athID_2877187346""",77160.0,0.9247494774986528
"""""athID_271331982""",18233.0,-0.49191631255759943
"""""athID_1326667530""",10.0,-0.5592061872785387
"""""athID_2203768742""",145553.0,-0.44019715212985433
"""""athID_950792659186147328""",2315.0,-1.7234585345448523
"""""athID_1176789841""",4248.0,0.027562842537321483
"""""athID_602882944""",17115.0,0.6954015065043931
"""""athID_1565472781""",79792.95555555556,-0.12395607399362658
"""""athID_1386353327710089223""",9239.0,1.0938127667398065
"""""athID_2731225095""",27872.0,0.4015160283026633
"""""athID_1263033863514849286""",3878.0,0.5195102470872935
"""""athID_784266204""",28419.0,1.682534918318156
"""""athID_1261916239557013505""",59419.5,0.35178383490323917
"""""athID_1390671534""",12616.0,-1.414563527047032
"""""athID_1157276669960495109""",2628.0,1.3325599045867547
"""""athID_973938862132252672""",2258.0,-0.32558629757580354
"""""athID_116732755""",50727.5,0.2357787892823721
"""""athID_1482452232280936451""",7655.0,-0.7589233598137153
"""""athID_113268367""",1615.0,0.5839990149775208
"""""athID_2990160643""",11121.0,-1.1434899148855011
"""""athID_1289344712890028033""",2459.0,0.6227087486327323
"""""athID_999368750183997440""",1903.0,-0.7197792426357126
"""""athID_2661128979""",7100.0,0.26391428603220635
"""""athID_1007543843909259264""",2285.0,-0.44249123418925296
"""""athID_1171318321943339008""",1261.0,-0.024394860807691314
"""""athID_92614036""",33598.0,-0.14479076525119403
"""""athID_848377854""",5262.0,0.6685957022897036
"""""athID_1499445810152542214""",208.0,-0.7115516060908215
"""""athID_1274678577141817350""",53293.596774193546,-0.09190624109658332
"""""athID_1470308095""",168800.0,-0.7799148023764295
"""""athID_550130639""",27115.0,2.2047808631220978
"""""athID_2508991900""",45564.77777777778,0.6775361775601292
"""""athID_2172585241""",18026.0,0.6125847402401464
"""""athID_2719190529""",16546.0,-0.7544720516136688
"""""athID_986359694""",56518.0,-0.18512303526410112
"""""athID_1471579348935266311""",84.0,-1.4480603928893978
"""""athID_1085143981489614850""",540.0,0.16881119707567516
"""""athID_1108317993975595013""",626.4,0.4497321248381339
"""""athID_8474102""",45587.0,2.301740417224979
"""""athID_1384058305291509764""",3193.3333333333335,0.6154838801755825
"""""athID_1018156046538477569""",2492.0,-0.2315350851988046
"""""athID_49363962""",16322.0,0.39126540573898505
"""""athID_1134486936347914240""",3824.0,1.4737681328780392
"""""athID_781442865809547264""",18585.0,-0.06854213415360552
"""""athID_19762637""",89378.75,-0.29557500467283476
"""""athID_582666584""",5815.0,-1.557881414129515
"""""athID_1447892293755805700""",6103.0,-1.570573924337398
"""""athID_431170944""",3352.0,0.11485331560647905
"""""athID_1611561420""",20456.0,-0.39613136902382134
"""""athID_854687926579589122""",8968.0,-0.9175019621552543
"""""athID_4598369547""",65716.0,-0.1330812055357957
"""""athID_1331294753305059332""",725.0,-0.20358261511006132
"""""athID_820699113859780609""",78636.0,0.11570920167999126
"""""athID_18972852""",89291.0,0.4370499392209507
"""""athID_118936661""",2158.0,-0.8411890372692074
"""""athID_1351661331460599810""",11166.0,0.40360765960028533
"""""athID_296714040""",16014.0,0.7992477045671672
"""""athID_3308481987""",735.0,-0.5167288876117198
"""""athID_568236437""",980.0,-0.8997211179180716
"""""athID_37744931""",5854.0,0.22659853268096067
"""""athID_233894249""",5135.0,1.7118618036396722
"""""athID_1439672212617928712""",12569.0,0.45084253722565987
"""""athID_573692565""",1679.0,0.39823015771936016
"""""athID_64789922""",36932.0,-0.2685016305749755
"""""athID_1464466405""",13394.0,0.5255231107483712
"""""athID_2525163440""",4724.0,-0.7478160483355731
"""""athID_70339968""",4657.0,0.4427511930397835
"""""athID_55197495""",12948.0,0.7821224666999622
"""""athID_2265745587""",13111.0,0.5744756015058027
"""""athID_87757854""",7734.0,-1.6520388623051916
"""""athID_2805411841""",1871.0,-1.5263517274288438
"""""athID_1388861889057275906""",2561.0,-0.6211430149494154
"""""athID_2712852648""",4.0,-0.7069231378017863
"""""athID_1027163569694105601""",7465.0,1.5431467452832932
"""""athID_251283529""",9142.0,-0.6915608800480453
"""""athID_2199961915""",1655.0,-1.3057801140559409
"""""athID_851070640933175296""",70013.75862068965,0.0002550649207230646
"""""athID_1017742843""",1945.0,-0.7069231378017863
"""""athID_953206056880148481""",5628.0,1.0403999986546066
"""""athID_1469962284""",9328.0,-0.8707876465684729
"""""athID_902853799332782080""",4182.0,0.46827169896622084
"""""athID_1129446867060887553""",156.0,-2.2406782023199376
"""""athID_21216155""",12956.0,0.16093876552726802
"""""athID_1283906851919273987""",11572.0,-0.9695651671259946
"""""athID_1093877025859878912""",46430.0,-0.2043723191413529
"""""athID_51199745""",89807.0,0.2587984084279247
"""""athID_1458415102416363526""",24217.5,0.1710406888608761
"""""athID_625782775""",3726.0,-1.974458097074824
"""""athID_829734641120710656""",1910.0,0.05324853124374301
"""""athID_762989974371373057""",1120.0,0.5645779778361998
"""""athID_3396913630""",404.0,-0.3402677007745362
"""""athID_1247980096364953612""",1160.0,-0.5432151987707236
"""""athID_1022842939423244289""",6483.0,0.6156578953957484
"""""athID_3380282686""",103868.7,-0.48969872972885253
"""""athID_2240990124""",13612.0,-0.5241532821763527
"""""athID_1218951746736873472""",241.0,-0.7069231378017863
"""""athID_1028427978""",11904.0,0.6151703199992217
"""""athID_3349673313""",6789.0,0.12912167461990293
"""""athID_174166962""",45243.0,0.770057750928043
"""""athID_2445012686""",575.0,0.3208051995282683
"""""athID_1373003899""",30488.0,0.25669056168983717
"""""athID_202215619""",1811.0,-2.968619360738786
"""""athID_257159542""",12068.0,0.25753200428683787
"""""athID_155696329""",91036.0,-0.4065164757229322
"""""athID_133984868""",45368.0,0.2816167303897072
"""""athID_1480923914""",5494.0,0.6967982869051867
"""""athID_42370997""",60571.0,-0.8465759502498016
"""""athID_487168374""",277.0,-0.7069231378017863
"""""athID_1413517905321418753""",270.0,0.224887625231494
"""""athID_2865435405""",8292.0,-0.7965934911172026
"""""athID_924008475243491328""",1430.0,0.415196913468536
"""""athID_1399142340263124992""",1484.0,-0.2163598329755495
"""""athID_19508398""",2137.0,-1.1989349622906547
"""""athID_4017280223""",240959.66666666666,0.46197637551688864
"""""athID_16069082""",439.0,-0.8041599453929122
"""""athID_1410548790""",126291.0,-0.44459531875414715
"""""athID_924277800""",37107.0,0.08728623013176126
"""""athID_107696353""",6481.0,1.5201576151199034
"""""athID_822790772378529792""",121361.0,1.1600456677422621
"""""athID_443194577""",17326.0,0.07554373621045217
"""""athID_20781142""",17086.0,-0.22458897591922525
"""""athID_1314683409675976708""",1.0,-0.7069231378017863
"""""athID_1243030106257403904""",24184.2,0.06358253143710936
"""""athID_612543981""",3862.0,1.6035350566849307
"""""athID_539772206""",8263.0,1.0991394119601277
"""""athID_1081279910457552897""",1263.0,-0.13104594294575936
"""""athID_1201408399226916865""",8955.0,1.5417752421561393
"""""athID_854638982163988480""",2723.0,0.3750008881803912
"""""athID_1080873517795733504""",7207.0,0.41889996760137244
"""""athID_754030075947933698""",2933.0,0.06138974536425947
"""""athID_115156210""",8120.0,0.8386001806672486
"""""athID_392823668""",86590.0,-0.4264276396168245
"""""athID_1260895357548068865""",36004.07407407407,0.6260639671706357
"""""athID_3403036133""",4077.0,-0.0676668871610958
"""""athID_984857946092863489""",5128.0,0.5096049376797757
"""""athID_1418077936134074371""",476.0,-1.4222342455440904
"""""athID_1391168043087060996""",2370.0,-0.237064197135247
"""""athID_121073425""",2559.0,0.5651698525968877
"""""athID_392625260""",1.0,-0.7069231378017863
"""""athID_330458651""",43032.0,-0.3540144985046793
"""""athID_27053333""",377950.7428571429,0.4848891404758672
"""""athID_1213237435879919617""",3738.0,-0.6201718381448145
"""""athID_1373563934536515590""",35048.0,-0.007269372026643831
"""""athID_498644595""",9.0,-0.7069231378017863
"""""athID_310520075""",59249.0,0.5651309324350086
"""""athID_22128223""",19540.0,-0.33602504551144996
"""""athID_17044885""",6877.0,0.1739273975183949
"""""athID_43318621""",1884.0,0.7220839457618895
"""""athID_382655004""",777.0,-0.7069231378017863
"""""athID_1367514770518253568""",305.0,-0.04379442031609401
"""""athID_42379548""",7755.0,0.9222846888231117
"""""athID_2369220084""",295.0,1.6223517629965643
"""""athID_303757000""",65163.0,-0.3186430563159316
"""""athID_1037338810043047937""",429.0,0.5963905630577111
"""""athID_553004104""",1547.0,-1.1244966963918048
"""""athID_2827682283""",192.0,1.3154135646537786
"""""athID_898805649252995073""",3190.0,-0.618712077184496
"""""athID_856106364460052480""",40348.51724137931,0.14595345628385928
"""""athID_17155437""",482101.0,0.33040598982693586
"""""athID_220373561""",9305.0,-0.5685439288285746
"""""athID_940866215995637760""",186.0,-0.134931655422921
"""""athID_399051727""",13497.0,0.5548282647714499
"""""athID_2415717648""",10233.0,1.8978931526962861
"""""athID_62223929""",3469.0,1.3485900686963164
"""""athID_1382717480""",13117.0,-0.5078758737143095
"""""athID_127510128""",1244.0,1.411229190427213
"""""athID_123832296""",4417.0,1.6804638018317257
"""""athID_3050771007""",1832.0,0.6412847991532686
"""""athID_158086770""",13804.0,0.37999837545450815
"""""athID_434063942""",566.0,1.0411335001171103
"""""athID_886264991539769344""",18998.545454545456,-1.25528522465957
"""""athID_1497643678474637318""",32.0,-3.0996742662762142
"""""athID_2433719177""",17106.0,0.4623599190167271
"""""athID_104656034""",22663.0,1.3295682747845634
"""""athID_2744852642""",5050.0,0.03315379126628718
"""""athID_3836464582""",66903.0,0.1156830191687927
"""""athID_1416338400442044469""",11033.0,-0.728217654820001
"""""athID_839415428""",10552.0,0.5222854047180403
"""""athID_1165742919829078018""",193.0,-0.7564836960372877
"""""athID_350443894""",19762.0,0.7475619055761693
"""""athID_781986393962708992""",111863.0,0.6109929614265627
"""""athID_85803352""",24703.0,-0.5040416037462722
"""""athID_13864582""",30167.0,0.49546023171178044
"""""athID_2884008599""",537.0,-0.7312882935832236
"""""athID_4654226716""",17178.0,-1.1085398184280928
"""""athID_268385020""",5698.0,-2.1978936621322895
"""""athID_926690088289005568""",15475.0,-0.639352629850669
"""""athID_1436003288319672324""",3364.5,0.5772370764303166
"""""athID_43671438""",4982.0,-1.3532793836180288
"""""athID_196328511""",2566.0,-0.7069231378017863
"""""athID_19325278""",2862.0,0.7441375780147956
"""""athID_1245728991878807552""",17522.0,-0.04439174327444458
"""""athID_1599385262""",1219.0,0.5525106173433507
"""""athID_4045962489""",113040.0,0.5410102433974058
"""""athID_418068103""",21829.0,1.6533149142199932
"""""athID_84967538""",4346.0,-1.605866583661189
"""""athID_1471890010282643456""",321.0,-0.6631340853826899
"""""athID_65134043""",7483.0,2.0011812313894177
"""""athID_3169921205""",6792.0,0.18334207601052355
"""""athID_167831172""",130.0,-1.3094829814422462
"""""athID_1483578289256079364""",8348.0,-0.14160687550441187
"""""athID_414042268""",8291.0,-1.0400212333156356
"""""athID_2857553755""",2540.0,-1.5506152818181345
"""""athID_1175203773544902658""",19613.0,0.9401743090829393
"""""athID_29553469""",2746.0,1.3157801780087728
"""""athID_1228629697988300800""",136.0,-0.07416071123248724
"""""athID_1196698980618514432""",425.14285714285717,-0.16138270838915103
"""""athID_71770416""",3180.0,-3.231350762457866
"""""athID_54861599""",6900.0,-0.6706123052093531
"""""athID_717317309413662720""",1705.0,-0.5415314936597483
"""""athID_1373917589542481924""",13230.0,0.5711210785966189
"""""athID_2818536084""",6746.0,0.07873403612386001
"""""athID_953285407""",12282.0,-0.21739265050728224
"""""athID_1482071396536696837""",232.0,0.8163666618162422
"""""athID_305048035""",2243.0,0.0255426184341699
"""""athID_1166418494""",6355.0,0.2146915207632545
"""""athID_1470911667924094983""",4024.0,0.03618739643504992
"""""athID_34013759""",3070.0,0.6826164883892483
"""""athID_2485515150""",763.0,-0.6175489310887313
"""""athID_862535268238331904""",4030.0,2.301740417224979
"""""athID_1481596357""",52355.0,0.3414591262695639
"""""athID_754044255438573568""",78070.25,-0.5908467046910814
"""""athID_78249851""",4792.0,-0.6988332052073066
"""""athID_4372235002""",718.0,0.739488343921239
"""""athID_3075049606""",1460.0,0.5103032912893524
"""""athID_127024279""",66662.0,0.45027740761785606
"""""athID_1466501994408034310""",9880.0,-0.7069231378017863
"""""athID_1095681096669380609""",736.0,-0.701933032492895
"""""athID_20914502""",5891.0,-0.1788490319871606
"""""athID_730386522218827776""",7812.0,-2.441193316412273
"""""athID_505908972""",2125.0,-0.20657622003630202
"""""athID_230397939""",45185.0,0.10509967890169376
"""""athID_3294013036""",2280.0,-0.663528568042754
"""""athID_2347087622""",2594.0,-0.7069231378017863
"""""athID_87147687""",6058.0,-1.0655644568580418
"""""athID_3403296533""",17292.0,-0.2600389273456387
"""""athID_703602109405650944""",1911.0,-1.5058585842174064
"""""athID_998206223903227904""",27.0,-0.7069231378017863
"""""athID_1445839685205508097""",9520.0,0.3531051640920223
"""""athID_153375677""",13573.0,0.18918427712822805
"""""athID_1296469682082521096""",8783.0,0.12139467407039052
"""""athID_712700837861134337""",1368.0,1.5236826015616813
"""""athID_178895671""",297016.1923076923,0.3026631184342647
"""""athID_2638674329""",471.0,-0.9349567919737599
"""""athID_972215619281215489""",11974.0,-0.6508851556470152
"""""athID_696972575163854848""",167.0,-0.18388206997994588
"""""athID_153026311""",9035.0,0.09395912155808353
"""""athID_1427326429654618118""",27086.0,0.08267732822182548
"""""athID_1537408224""",10270.0,0.0871249099591551
"""""athID_1454481604953485320""",7787.0,-0.24321035725794407
"""""athID_52003080""",44995.05714285714,-0.25753730333505326
"""""athID_755168603046051842""",2525.0,-1.023341094016334
"""""athID_892379293938065408""",18043.0,0.5335026339299865
"""""athID_2976709696""",73624.0,-2.5168594710696253
"""""athID_865290488408047619""",16956.0,-1.5283665425071788
"""""athID_3400727602""",10712.0,1.2086436177215585
"""""athID_1187834246846697472""",1726.0,0.35848986129039506
"""""athID_1113043732260179968""",417.0,-1.2494656450887698
"""""athID_19395266""",21504.0,1.1805748709928614
"""""athID_1139645979223834625""",671.0,-1.3742027205508371
"""""athID_1287083809855483907""",2237.0,0.8353459446626531
"""""athID_24877808""",6784.0,-0.762741568488584
"""""athID_1130402533""",13514.0,-0.11680830690732891
"""""athID_200091443""",4329.0,-0.20951601789509225
"""""athID_3288281109""",4509.0,0.4704695129103311
"""""athID_832528837409910785""",8990.0,-0.43944677729895687
"""""athID_1715081652""",7808.0,-2.219327733114022
"""""athID_92312262""",1755.0,-1.7993719686538088
"""""athID_707323521287004161""",8149.0,-0.3691001983567642
"""""athID_26223463""",11514.0,0.5638818524385049
"""""athID_1259212725550485507""",14.0,-2.9529824844179156
"""""athID_295791415""",3497.0,0.09895822422900623
"""""athID_1253766307""",246.0,1.6924934659819588
"""""athID_1264778749""",2687.0,-0.6962498367883553
"""""athID_947112016988295169""",17315.0,-0.49052928828066156
"""""athID_841350481385521153""",3797.0,-1.7694320160178418
"""""athID_1320680588""",8102.0,-0.5838821405690782
"""""athID_284257762""",5601.0,0.3283231147010381
"""""athID_995987788230201344""",95027.0,0.6940789599553131
"""""athID_1493094725489938432""",20.0,-1.2413923683079542
"""""athID_945224992748392448""",10441.272727272728,0.4380124422763801
"""""athID_1550679979""",198.0,-1.6441588555762303
"""""athID_2970724667""",9660.0,0.29609209178314433
"""""athID_1389539508509675521""",10005.0,1.129246287036237
"""""athID_725345895936614400""",284.0,-0.13226677771360437
"""""athID_1240300427805163520""",2244.0,-0.16067697332523187
"""""athID_607582985""",17065.0,-0.6302587664690295
"""""athID_1283533527192162305""",2077.0,2.1076730393853405
"""""athID_1340047399780233219""",32.0,-0.26529951833700816
"""""athID_3429675159""",650.0,-0.06443955592854883
"""""athID_452200522""",176636.0,0.1733458754316195
"""""athID_1268665467197145088""",20754.5,1.1687347355104578
"""""athID_575268526""",699.0,0.07572210887018117
"""""athID_242651377""",18282.0,0.37304977122109245
"""""athID_1237343193584336896""",42541.6,0.8522416249533546
"""""athID_2165237617""",4418.0,0.27849806342151057
"""""athID_245427600""",163065.0,0.7008710710787504
"""""athID_1279126729378930693""",5809.0,0.21760713677631657
"""""athID_44195144""",2692.0,1.3786030394335957
"""""athID_1328417102819188746""",86931.0,-0.3385215204175898
"""""athID_900066884896391169""",2776.0,0.8002406327776584
"""""athID_20373306""",33768.0,-0.6016423014814434
"""""athID_980025317552214016""",10222.0,-1.4931410494053796
"""""athID_419674293""",28636.0,2.2317957176228633
"""""athID_709058241943056384""",14806.0,1.919699584107172
"""""athID_974098494""",4287.0,-0.7903325365848339
"""""athID_62364397""",327.0,-0.24151091946680706
"""""athID_1354798123634274304""",22.0,-1.2181104134053096
"""""athID_4625264896""",12068.0,0.06641516932616233
"""""athID_263720324""",6003.0,-0.04885055947221388
"""""athID_452849970""",987.0,-0.1993348846102578
"""""athID_1148147271218946048""",1181.0,0.2671307597333556
"""""athID_466028028""",59553.0,0.41853575310843283
"""""athID_34913222""",13721.0,-0.8792315558902559
"""""athID_921694906627878912""",5653.0,0.7063076578341632
"""""athID_2334618533""",11098.0,-2.09403716727324
"""""athID_1860394795""",53960.0,0.3012447964436862
"""""athID_1278444082294149120""",9123.0,0.28062515694104045
"""""athID_948617216""",10616.833333333334,1.3472108154056122
"""""athID_810545578492960770""",3504.0,0.9916884974822515
"""""athID_135118819""",470.0,1.1181332697917907
"""""athID_728840571427622912""",31930.714285714286,-0.6766353671108043
"""""athID_705093915918127104""",10313.0,1.1608562008831214
"""""athID_228645175""",4897.0,0.3911391571795031
"""""athID_1438188536889495556""",1058.0,-1.6497354142994831
"""""athID_1140974684302913536""",2972.0,0.04268121620695507
"""""athID_3100181957""",29178.0,1.6179015762391082
"""""athID_211595922""",6904.0,-0.698699466702514
"""""athID_883826393309642753""",20498.0,-0.2931665477176228
"""""athID_118108700""",402.0,-0.7069231378017863
"""""athID_801360291229499392""",2524.0,-0.01644756541908491
"""""athID_821084241505161218""",4926.0,-0.4927543559005952
"""""athID_21102594""",70048.0,-0.961884861374148
"""""athID_1280104965613260800""",32740.0,-0.8813322266043698
"""""athID_4924173238""",4295.0,-0.30749427120949113
"""""athID_1130931654736928780""",1943.0,-0.13400837349702358
"""""athID_1390459284""",14701.0,0.3988919797851586
"""""athID_2986157765""",498.0,-1.2465694857147467
"""""athID_1382391657836990468""",9045.0,-0.15277450456858074
"""""athID_727524109""",2628.0,0.2935780637595279
"""""athID_1457652015866253312""",59.0,-1.2092398780021276
"""""athID_178426958""",98023.0,-1.5056282852682932
"""""athID_366214293""",132123.0,0.2317503931199101
"""""athID_1183125061592633346""",23565.0,-1.8138422597212995
"""""athID_1359793364""",11066.0,-2.8227103276924175
"""""athID_584750225""",1230.0,-3.0461928069108497
"""""athID_1004504533""",1435.0,-0.7069231378017863
"""""athID_734027402771333121""",161150.0,0.16542712300722082
"""""athID_755387551339479040""",28426.0,0.5735495589190834
"""""athID_227119176""",7745.0,-0.7069231378017863
"""""athID_51575486""",28347.0,0.6091906323909317
"""""athID_1224508339398369280""",1322.0,0.46291792511914226
"""""athID_1371029421625376771""",1760.0,-0.8009880735981495
"""""athID_463264064""",6502.0,0.7187620987908403
"""""athID_1002898007300427776""",21239.0,-0.25279132879528826
"""""athID_1077800302030569472""",4165.0,0.12677153242196554
"""""athID_1243256323220877313""",8640.0,0.41059544614256555
"""""athID_1297869866880229376""",2705.0,-0.00886451740551938
"""""athID_19564873""",1249.75,1.0439461450700194
"""""athID_1240988192473563138""",6071.0,-1.502858715396966
"""""athID_1225550702963044355""",8257.0,1.1217701626666339
"""""athID_231090074""",18525.0,-1.050437337798842
"""""athID_52073784""",27811.0,0.7320993155271022
"""""athID_1143945388824715264""",5281.0,0.805731580050995
"""""athID_2388935492""",14445.0,0.9585528481810796
"""""athID_1444279795890757633""",173.0,0.8884655768782524
"""""athID_349284499""",16162.0,0.8825135704880346
"""""athID_133878186""",790.0,-1.0903559786956685
"""""athID_151529423""",83984.0,-0.18096926265108493
"""""athID_448269104""",208644.0,-0.7069231378017863
"""""athID_1277332091789889539""",15615.0,0.19017679863314882
"""""athID_1360137003564748803""",19261.0,1.044646797168886
"""""athID_4195580704""",8849.0,0.42072525446425413
"""""athID_396726214""",73.0,-0.7069231378017863
"""""athID_951385579656228867""",9761.0,0.42806632554589197
"""""athID_242314229""",29002.5,1.8498793029624883
"""""athID_1219943014082187264""",3740.0,-1.123355809179631
"""""athID_59178342""",5518.0,0.1333891412375439
"""""athID_782378722624151552""",1166.0,0.03775952245076352
"""""athID_17673666""",32164.60606060606,0.42408645149080415
"""""athID_69291785""",24780.416666666668,0.5391639127644721
"""""athID_1415488333829087233""",1683.0,-0.23395252777999248
"""""athID_32917451""",7740.0,0.723959639168042
"""""athID_1861160262""",3122.0,1.809532263425404
"""""athID_337131385""",10085.0,1.685700485118596
"""""athID_843433332""",15571.666666666666,-0.11482489265780567
"""""athID_237422784""",21914.0,-0.9011083071343051
"""""athID_1545233545""",421.0,0.24632419351243723
"""""athID_1179004411361796096""",11896.0,0.1785481227150499
"""""athID_16133104""",5603.0,-0.3535093351872185
"""""athID_1373039350104133635""",122.0,0.1533477222356223
"""""athID_6804822""",209901.0,-0.48082090327919347
"""""athID_838868082575699968""",29010.0,0.003713947660942487
"""""athID_1478780139517394946""",1744.0,-1.2665538256794615
"""""athID_248661738""",1127.0,-0.8448890920102431
"""""athID_1226602631256313856""",9548.0,0.6219482299569914
"""""athID_1048334353888157696""",26231.0,-0.07782973835667352
"""""athID_350556260""",8974.0,-0.40980938194749855
"""""athID_552165157""",884.0,1.1018303102563447
"""""athID_175327631""",2619.0,0.8723514937811002
"""""athID_1433168574412099593""",8169.0,-1.359924037207499
"""""athID_94127483""",56969.0,0.4551892921328934
"""""athID_1341906874233475072""",15190.0,-0.5456774651736656
"""""athID_17536549""",3049.0,-0.8705935192542013
"""""athID_2256780564""",1057.0,-1.334678324766714
"""""athID_1158498429334642698""",21132.0,-0.23068091900839885
"""""athID_203885928""",555.0,2.3046732994777823
"""""athID_547670763""",5229.8421052631575,0.3223149222580575
"""""athID_234337794""",43853.0,-0.5173779112363411
"""""athID_2700493413""",2889.0,1.051976651841679
"""""athID_1139048520""",76534.0487804878,0.3056932320544206
"""""athID_150377304""",1722.0,-1.3563297711465712
"""""athID_2963823767""",2952.0,-0.39204896184067417
"""""athID_1457195772""",3626.0,0.8434348773817752
"""""athID_3068802191""",114178.83333333333,0.40137065957929136
"""""athID_465088959""",6610.3,-0.29414626562845975
"""""athID_865128006423019521""",23380.5,0.5330543569479841
"""""athID_2821274134""",210.0,-1.3024967055865613
"""""athID_813731350557708290""",134150.0,-1.4058151980550224
"""""athID_198105795""",8443.0,0.2722246170233117
"""""athID_814953111685107712""",21508.0,-1.1670552831181158
"""""athID_476940459""",9215.0,0.13497944955390276
"""""athID_210887564""",2500.0,-0.9302064510617405
"""""athID_1241739026""",14878.0,2.2362964555900144
"""""athID_457588430""",32434.81818181818,-0.6150988209468482
"""""athID_244954207""",9019.0,0.5912437806103064
"""""athID_1427572081089290240""",692.0,-0.03983102121889074
"""""athID_297902543""",60649.0,1.9960187812019659
"""""athID_1021521986152013824""",5236.0,2.2047808631220978
"""""athID_1365057649251938309""",1087.0,-0.5919154031892124
"""""athID_947846919375777792""",75985.0,-0.6328383435820257
"""""athID_1427021959775367171""",352.0,-0.6554348204242274
"""""athID_1499038661639348226""",301.0,0.8193017674068067
"""""athID_362782519""",38401.0,-0.07782228968237746
"""""athID_314129309""",7420.0,0.06998397596980588
"""""athID_357627569""",30349.0,0.9438159323020937
"""""athID_483323210""",2065.0,-2.133562303090312
"""""athID_273299432""",3781.0,0.12306371577558196
"""""athID_266818254""",19786.0,1.5657047970355873
"""""athID_2935649525""",105923.0,1.4940793447809462
"""""athID_396693987""",30560.755102040817,0.24556593699483098
"""""athID_1097579637939621888""",933.0,1.4723227884536643
"""""athID_2225213394""",16900.5,-1.4222342455440904
"""""athID_1132362901""",548.5,1.231030583147125
"""""athID_247339279""",9513.0,-1.0792887569787717
"""""athID_1632802988""",3.0,-0.7069231378017863
"""""athID_475123670""",1929.0,-2.185925230493919
"""""athID_525448831""",72.0,0.552570319174277
"""""athID_186110802""",22530.166666666668,-0.9743916252423414
"""""athID_1468132207390867458""",9194.0,0.10173097079875357
"""""athID_185160220""",2271.0,0.408457428604551
"""""athID_433163923""",85001.0,1.9024238831269196
"""""athID_2635000078""",6.0,-0.7069231378017863
"""""athID_2444272021""",74774.0,2.260892346984684
"""""athID_1383062487763980288""",8323.0,-1.454000464216062
"""""athID_1030834492225806337""",15785.0,1.4265986863431737
"""""athID_55341815""",400.0,-2.1350518897610127
"""""athID_874823402766430208""",4495.0,-0.5060950069541084
"""""athID_781744301306961920""",1275.0,0.16680971042534956
"""""athID_613701346""",13198.0,0.3275901531534554
"""""athID_490668732""",4636.0,0.16518630092043513
"""""athID_381589648""",15279.0,-0.022917870128792192
"""""athID_1225324630573035528""",4085.0,1.0521123880538903
"""""athID_1311959316228976643""",1936.9166666666667,-0.8976503916874639
"""""athID_1130798750""",60931.8,-0.9136620173789934
"""""athID_207190674""",83802.0,0.2496365996006002
"""""athID_1003652696723873792""",3150.0,1.5079865749699928
"""""athID_21102702""",10020.0,-0.9698943176163333
"""""athID_965684250245726208""",1120.0,2.376234939592445
"""""athID_2447147106""",50719.0,-0.9625598663998076
"""""athID_1351126372031324161""",3480.0,2.27251508043284
"""""athID_2494765663""",544.0,0.339700962727804
"""""athID_1130026778116984832""",3558.0,-0.33498747971384185
"""""athID_4763525183""",441.0,0.22146837796888194
"""""athID_161706963""",34570.0,-0.4239964209668479
"""""athID_426750859""",238.0,-0.7069231378017863
"""""athID_2969717116""",89056.0,0.5111876506523669
"""""athID_177587638""",174.0,-0.4941944318975999
"""""athID_841809557290647553""",7017.0,0.41188165526004794
"""""athID_51274770""",21286.0,-0.2604574725280583
"""""athID_407156846""",2062.0,0.06258155998137538
"""""athID_1382528354365153282""",285.0,1.1161608113086907
"""""athID_1465782782450356229""",27062.0,0.6149598967496408
"""""athID_1438215900""",24707.0,-0.19744735620337878
"""""athID_95021297""",1797.0,-1.3318617197958116
"""""athID_22960360""",62007.0,-0.6094698980191456
"""""athID_811172802""",1226.0,-0.7629363828040119
"""""athID_1961251566""",48185.0,0.5669853576008609
"""""athID_298476304""",18028.0,0.17595392299503412
"""""athID_114924385""",27564.0,1.9973082544842942
"""""athID_444838685""",21446.0,0.6757808556599915
